"index","season_weekly","rain_weekly","removal_num_weekly","removal_freq_weekly","temp_weekly","det.Predicted","det.SE","det.lower","det.upper"
  1,"dry",5.000027e+00,1,0,24.84966,0.074471346,0.060826727,0.014198882,0.312172157
  1,"early_dry",6.269140e+00,4,0,31.48144,0.112219081,0.113025680,0.020985358,0.515205460
  1,"late_dry",4.435901e-01,5,1,29.71090,0.044273922,0.067524056,0.003278518,0.504434445
  1,"late_wet",3.920282e+01,0,0,38.65333,0.211377650,0.095378378,0.080344722,0.451252512
  1,"wet",1.176624e+02,1,1,37.45211,0.068130103,0.063438884,0.011723257,0.335746835
  2,"dry",5.142500e+00,3,0,26.29426,0.072983663,0.077355072,0.010119219,0.425981733
  2,"early_dry",1.549021e+01,4,0,30.10153,0.114775866,0.115829565,0.021207881,0.523049082
  2,"late_dry",1.365695e-01,5,1,32.38110,0.040590844,0.063125449,0.002808479,0.488013212
  2,"late_wet",3.603939e+01,2,1,36.05659,0.237600676,0.185954927,0.045859414,0.688687276
  2,"wet",7.239712e+01,1,0,33.16685,0.084715133,0.047134768,0.027673140,0.233299280
  3,"dry",4.261811e+00,0,0,25.19990,0.072767430,0.055883099,0.015275519,0.284303437
  3,"early_dry",6.034923e+00,1,0,30.90619,0.109904854,0.066380104,0.031837789,0.318296217
  3,"late_dry",1.215086e-02,2,1,31.04904,0.040596414,0.045819582,0.004607010,0.304118244
  3,"late_wet",2.865938e+01,3,0,38.63487,0.223672282,0.160291298,0.055448105,0.613252010
  3,"wet",1.091896e+02,0,0,37.04455,0.067803013,0.040064204,0.021216682,0.198259587
  4,"dry",1.962699e+00,5,0,26.56751,0.075007164,0.103899815,0.008679846,0.541086043
  4,"early_dry",7.937101e+00,4,1,33.31236,0.107613470,0.129373998,0.012017556,0.604341176
  4,"late_dry",4.527598e-01,4,0,30.73046,0.041361589,0.050781909,0.004965162,0.361896855
  4,"late_wet",2.641803e+01,5,0,38.46846,0.230957994,0.227468295,0.048836552,0.680065524
  4,"wet",7.726268e+01,2,1,35.38388,0.080643361,0.074053316,0.013960371,0.385396915
  5,"dry",5.131542e+00,5,0,26.73325,0.074053539,0.102920332,0.008527880,0.538526745
  5,"early_dry",4.971018e+00,5,1,30.87669,0.118410730,0.156737110,0.012701824,0.666788798
  5,"late_dry",1.756587e-01,2,0,30.31550,0.040764672,0.037975643,0.006538476,0.225044383
  5,"late_wet",3.292988e+01,4,1,38.13594,0.230979996,0.232051663,0.032395027,0.756853902
  5,"wet",8.733014e+01,1,1,34.47103,0.080093984,0.066920319,0.016840432,0.345593319
  6,"dry",3.050953e+00,2,0,24.15143,0.077630086,0.071587714,0.012472955,0.376075411
  6,"early_dry",1.784934e+01,3,1,32.98116,0.104890890,0.112030984,0.013485680,0.540649685
  6,"late_dry",3.316892e-01,5,0,32.07811,0.040222135,0.057109489,0.004318744,0.427077890
  6,"late_wet",5.422875e+01,3,0,37.63605,0.218304694,0.159330187,0.052845440,0.608788932
  6,"wet",6.868139e+01,4,0,34.74538,0.084637135,0.084556410,0.017678787,0.437403123
  7,"dry",7.025196e+00,4,0,25.54358,0.075491300,0.091496840,0.009427258,0.497557464
  7,"early_dry",4.402439e+00,3,0,33.10557,0.105797744,0.091508333,0.021539363,0.438841277
  7,"late_dry",2.868738e-01,0,0,30.17350,0.039821659,0.032175132,0.007910279,0.177450328
  7,"late_wet",3.974035e+01,0,0,36.54973,0.223771315,0.100985103,0.084836196,0.472535668
  7,"wet",9.854570e+01,3,0,36.04107,0.074832960,0.066973669,0.015199167,0.352237357
  8,"dry",6.668831e+00,1,0,26.59463,0.070050854,0.057238100,0.013384039,0.296851668
  8,"early_dry",1.828627e+01,5,0,31.52662,0.110549120,0.130703455,0.019124306,0.553501710
  8,"late_dry",1.976334e-01,0,1,29.89360,0.041052522,0.043082285,0.005732349,0.279585791
  8,"late_wet",3.941828e+01,0,1,36.05252,0.230950431,0.160674852,0.058457147,0.620908227
  8,"wet",1.152469e+02,5,0,32.89143,0.082271622,0.102561524,0.013723578,0.501504301
  9,"dry",1.156489e+01,0,0,25.61089,0.070509989,0.054144892,0.014818045,0.276831651
  9,"early_dry",8.193730e+00,5,1,30.50371,0.118968170,0.157547572,0.012716955,0.668466955
  9,"late_dry",9.758333e-02,4,0,29.45968,0.043180085,0.052632125,0.005243944,0.370061484
  9,"late_wet",4.759483e+01,4,1,37.54074,0.228123702,0.231499759,0.031296723,0.755076301
  9,"wet",1.054019e+02,0,1,34.18768,0.076634292,0.064761550,0.016580610,0.337453927
 10,"dry",4.863666e+00,2,0,25.33733,0.074302018,0.068325773,0.012037867,0.362692316
 10,"early_dry",9.079827e+00,3,1,29.14224,0.120883788,0.126707089,0.015986409,0.583283302
 10,"late_dry",2.251938e-01,3,0,29.46531,0.042539705,0.045235022,0.005823730,0.293074009
 10,"late_wet",4.514604e+01,0,0,37.67418,0.214519683,0.096757147,0.081533284,0.456603261
 10,"wet",1.643432e+01,5,0,35.91128,0.093936056,0.109255872,0.018017258,0.514215664
 11,"dry",6.233323e+00,2,1,26.78046,0.072031410,0.076570077,0.008763959,0.424200221
 11,"early_dry",1.432552e+01,0,1,33.21332,0.100904434,0.085549355,0.020924225,0.418359137
 11,"late_dry",3.311561e-01,2,0,30.60874,0.040354917,0.037644388,0.006460090,0.223404071
 11,"late_wet",2.649112e+01,1,0,37.33012,0.227516511,0.111085870,0.079182907,0.503792978
 11,"wet",8.412788e+00,4,1,34.07480,0.101689020,0.115768240,0.013487619,0.572730098
 12,"dry",1.991096e+00,2,0,25.32787,0.074846113,0.068779311,0.012132124,0.364582691
 12,"early_dry",3.383408e+00,4,0,29.93835,0.118582233,0.118755743,0.022027101,0.531669997
 12,"late_dry",2.734422e-01,5,1,29.76344,0.044213243,0.067441879,0.003272647,0.504116879
 12,"late_wet",4.597480e+01,2,0,37.58163,0.219685272,0.131127630,0.063080011,0.551992741
 12,"wet",1.414989e+01,5,1,36.67234,0.093769205,0.123751904,0.010798547,0.601408087
 13,"dry",1.062219e+01,1,0,25.97479,0.070784254,0.057786356,0.013534146,0.299174921
 13,"early_dry",1.851421e+00,2,0,28.69612,0.120711733,0.088042315,0.028099514,0.410734403
 13,"late_dry",3.463012e-01,1,0,29.62798,0.041118211,0.034385277,0.007723573,0.191695105
 13,"late_wet",3.596142e+01,5,0,38.41448,0.226923738,0.225263225,0.047642267,0.675105972
 13,"wet",1.108757e+02,3,0,33.56108,0.078858473,0.070486456,0.016075762,0.365825589
 14,"dry",5.466833e+00,3,0,25.67205,0.074406166,0.078635001,0.010355039,0.430718477
 14,"early_dry",2.178224e+01,2,0,33.27751,0.099723573,0.073006287,0.023448738,0.353345793
 14,"late_dry",3.829145e-01,3,0,31.31845,0.039997152,0.042961216,0.005383721,0.282052231
 14,"late_wet",5.167873e+01,1,0,36.21026,0.223041017,0.112355882,0.075575768,0.502947480
 14,"wet",7.639352e+01,0,0,34.98840,0.078035580,0.039708551,0.027957844,0.199530712
 15,"dry",9.243483e+00,0,1,24.31694,0.075602746,0.072527227,0.011703931,0.387521476
 15,"early_dry",1.338534e+01,1,0,32.10438,0.104029094,0.062920177,0.030157138,0.303789395
 15,"late_dry",2.555820e-01,0,0,29.00588,0.041441769,0.033571800,0.008199508,0.184373850
 15,"late_wet",4.839459e+01,4,0,37.21352,0.226030578,0.193192309,0.050082340,0.655899500
 15,"wet",4.522665e+01,1,1,33.86836,0.090067209,0.071295892,0.020601146,0.362918666
 16,"dry",2.981352e+00,4,0,26.61600,0.073648548,0.089701885,0.009130375,0.492066467
 16,"early_dry",1.744692e+01,1,0,29.11745,0.113421778,0.070677479,0.031765218,0.333703583
 16,"late_dry",2.018397e-01,4,0,31.41615,0.040479315,0.049990471,0.004800382,0.358520956
 16,"late_wet",2.920047e+01,0,1,38.71442,0.218994045,0.152434804,0.055817047,0.600181162
 16,"wet",1.219105e+02,4,0,33.44424,0.078481233,0.085325693,0.013602865,0.443764074
 17,"dry",6.122854e+00,3,1,24.72996,0.078145960,0.091749715,0.008052975,0.506559170
 17,"early_dry",1.970617e+01,2,1,31.21956,0.108956641,0.102492077,0.017395479,0.490157021
 17,"late_dry",3.587592e-03,2,0,30.12847,0.041037241,0.038204863,0.006588025,0.226187742
 17,"late_wet",3.390190e+01,4,0,38.82462,0.222760615,0.190759831,0.049479944,0.650293456
 17,"wet",7.816904e+01,3,0,37.27326,0.075498492,0.066785478,0.015673534,0.350748128
 18,"dry",9.624273e+00,3,0,24.14134,0.077492052,0.081968001,0.010701669,0.443081550
 18,"early_dry",1.689361e+01,5,0,33.31038,0.105017527,0.126568087,0.017596492,0.544478639
 18,"late_dry",1.934219e-03,4,0,30.33900,0.041943159,0.051345410,0.005062020,0.364360699
 18,"late_wet",2.880455e+01,1,0,36.82146,0.229618326,0.112396338,0.079670644,0.508064097
 18,"wet",7.106814e+01,1,0,34.09891,0.082428708,0.045612568,0.027052682,0.226881056
 19,"dry",1.770415e+00,2,0,24.96605,0.075784502,0.069659777,0.012267138,0.368203314
 19,"early_dry",2.149816e+01,1,1,31.40652,0.106478125,0.091784238,0.020578654,0.441281240
 19,"late_dry",5.223416e-01,1,0,31.85931,0.038182148,0.032283805,0.007075696,0.181489213
 19,"late_wet",4.280028e+01,3,0,37.21085,0.225929189,0.161841475,0.055947408,0.617294540
 19,"wet",5.355208e+01,4,0,34.89001,0.087306529,0.086033814,0.018679223,0.441811347
 20,"dry",1.012240e+01,1,0,26.77374,0.069063675,0.056545408,0.013164369,0.293889592
 20,"early_dry",2.306119e+00,3,1,30.47180,0.117551632,0.122419385,0.015884052,0.571581880
 20,"late_dry",5.664061e-02,5,0,32.22058,0.040070341,0.056981066,0.004285382,0.426681932
 20,"late_wet",4.194856e+01,0,0,38.89557,0.208792853,0.094842060,0.078970918,0.448182997
 20,"wet",4.590493e+01,2,0,32.61629,0.093111813,0.062091859,0.025659959,0.308256574
 21,"dry",4.417682e+00,2,1,26.58632,0.072799608,0.077241892,0.008887994,0.426797459
 21,"early_dry",1.994230e+01,1,1,31.72887,0.105753559,0.091104003,0.020458464,0.439065923
 21,"late_dry",2.198013e-01,2,0,29.87253,0.041367954,0.038491459,0.006645822,0.227622795
 21,"late_wet",4.578216e+01,4,1,38.88511,0.220722469,0.226920816,0.029533165,0.746719710
 21,"wet",1.039661e+02,5,0,35.23830,0.078118771,0.097582875,0.013221552,0.488370287
 22,"dry",5.122848e+00,4,0,26.01874,0.074680097,0.090662670,0.009309554,0.494975667
 22,"early_dry",1.916440e+01,1,0,30.03437,0.109643449,0.067241358,0.031284819,0.320749449
 22,"late_dry",3.768894e-01,3,0,32.37648,0.038673300,0.042012933,0.005091884,0.277758635
 22,"late_wet",3.439260e+01,2,0,37.01625,0.228371297,0.134468867,0.066325045,0.564467117
 22,"wet",1.292899e+01,3,1,35.72680,0.094286267,0.095496743,0.014028719,0.487449351
 23,"dry",4.539452e+00,3,1,25.86786,0.075528522,0.088770278,0.007782619,0.496118918
 23,"early_dry",1.731524e+01,4,0,29.97187,0.114782036,0.116016072,0.021130713,0.523543834
 23,"late_dry",3.898330e-01,0,1,31.51778,0.038845134,0.041092209,0.005335247,0.269981668
 23,"late_wet",4.327358e+01,5,0,36.51761,0.235383439,0.231085295,0.049440336,0.687554943
 23,"wet",5.115354e+01,2,0,35.48464,0.083867147,0.056543796,0.022889821,0.284657260
 24,"dry",1.489807e+00,2,0,26.88847,0.071256230,0.065856072,0.011474552,0.352599656
 24,"early_dry",9.134157e+00,1,0,29.51760,0.114102696,0.070232457,0.032349601,0.332827710
 24,"late_dry",4.577994e-01,5,0,31.36272,0.041131751,0.057956951,0.004498100,0.429893245
 24,"late_wet",5.490446e+01,2,1,38.38337,0.214728530,0.173953406,0.039708714,0.657662017
 24,"wet",1.096923e+02,5,0,34.09998,0.080016302,0.099634201,0.013563504,0.493648656
 25,"dry",6.833735e+00,4,0,25.91171,0.074631815,0.090627226,0.009300556,0.494829297
 25,"early_dry",2.264268e+00,0,1,30.29091,0.113873879,0.094812472,0.024104120,0.450171742
 25,"late_dry",3.191307e-01,5,1,29.02499,0.045336819,0.068960958,0.003375652,0.510018153
 25,"late_wet",4.742621e+01,5,0,36.37275,0.234412870,0.231079540,0.048818677,0.687406507
 25,"wet",9.084860e+01,2,0,36.97290,0.072922748,0.053850128,0.017537954,0.272360439
 26,"dry",8.612049e+00,1,0,26.06411,0.070924724,0.057872326,0.013569716,0.299547639
 26,"early_dry",8.879537e+00,0,0,33.46599,0.099504687,0.056466085,0.031224401,0.274794476
 26,"late_dry",3.970068e-01,0,0,30.28836,0.039657272,0.032048473,0.007876127,0.176829836
 26,"late_wet",2.728899e+01,2,0,36.13799,0.237282398,0.139634550,0.068496106,0.580684153
 26,"wet",8.924988e+01,0,0,35.63603,0.074170522,0.039492687,0.025526971,0.197251329
 27,"dry",1.110089e+01,3,1,25.58963,0.075063122,0.088476279,0.007693216,0.494983418
 27,"early_dry",7.018745e+00,5,1,29.17895,0.124461751,0.164125360,0.013153677,0.682589309
 27,"late_dry",4.448017e-01,2,0,30.59325,0.040363953,0.037650385,0.006462225,0.223432292
 27,"late_wet",3.861402e+01,2,0,39.37301,0.212395884,0.128463902,0.060169443,0.541898021
 27,"wet",4.928549e+01,2,0,34.00391,0.088283064,0.058594657,0.024553413,0.293930117
 28,"dry",1.358346e+00,2,0,25.73410,0.073973060,0.067997030,0.011994199,0.361370630
 28,"early_dry",1.885585e+01,3,0,28.85274,0.117044135,0.101453486,0.023350958,0.471850048
 28,"late_dry",3.217093e-01,1,0,30.89733,0.039413719,0.033055818,0.007380171,0.185136737
 28,"late_wet",2.661548e+01,2,0,36.14183,0.237577868,0.139772710,0.068585079,0.581164401
 28,"wet",7.383233e+01,5,1,34.43446,0.087358526,0.116947910,0.010186207,0.584342938
 29,"dry",1.205377e+01,1,0,24.85423,0.073197494,0.059897270,0.013931728,0.308184112
 29,"early_dry",8.838295e+00,0,0,29.11545,0.114246442,0.066142253,0.035028989,0.313821856
 29,"late_dry",4.164427e-01,5,1,31.40659,0.041852796,0.064527410,0.002992573,0.493058834
 29,"late_wet",3.524609e+01,0,0,37.15861,0.222047847,0.099289011,0.084834864,0.467708151
 29,"wet",2.425111e+01,5,0,33.28500,0.099924469,0.112980862,0.020152855,0.523421112
 30,"dry",4.437053e+00,3,1,24.44442,0.079212076,0.092940265,0.008160971,0.510763299
 30,"early_dry",7.649407e+00,3,1,31.94639,0.110837294,0.116386029,0.014804832,0.553730412
 30,"late_dry",1.199871e-02,3,0,32.20887,0.038913511,0.042183252,0.005144970,0.278520823
 30,"late_wet",4.714701e+01,3,0,39.09046,0.212829425,0.156537509,0.051125403,0.600697789
 30,"wet",1.011802e+02,2,1,36.82873,0.073039583,0.071368371,0.011054244,0.377098569
 31,"dry",1.149944e+01,1,0,26.79832,0.068778114,0.056350095,0.013098798,0.293055589
 31,"early_dry",1.698125e+01,3,0,31.58096,0.107702613,0.092552621,0.022168516,0.442488983
 31,"late_dry",2.188801e-01,0,1,31.11172,0.039389724,0.041542867,0.005443996,0.272114762
 31,"late_wet",2.512393e+01,3,0,38.09274,0.228580138,0.162424789,0.057131265,0.619904379
 31,"wet",1.132871e+02,5,1,37.28578,0.073355898,0.107301987,0.006090263,0.568646209
 32,"dry",8.707444e+00,3,0,26.62313,0.071602267,0.076186877,0.009869943,0.421635652
 32,"early_dry",1.874023e+01,4,0,32.98655,0.104139497,0.107520803,0.018791883,0.499528688
 32,"late_dry",4.593133e-01,1,1,30.41088,0.040857960,0.043212147,0.005464893,0.279348198
 32,"late_wet",4.829237e+01,1,0,36.98406,0.219766048,0.109381140,0.075385527,0.494344227
 32,"wet",3.219149e+01,1,0,35.32000,0.087191624,0.048375951,0.028627309,0.238219117
 33,"dry",6.037111e+00,2,0,26.01268,0.072475860,0.066750095,0.011730551,0.356201629
 33,"early_dry",1.079884e+01,4,0,31.85854,0.109770378,0.111197717,0.020404315,0.509911637
 33,"late_dry",3.398572e-01,1,0,30.83028,0.039498947,0.033114621,0.007399679,0.185421030
 33,"late_wet",3.897028e+01,3,0,38.49662,0.219861474,0.158672414,0.054138635,0.608134217
 33,"wet",9.948074e+01,4,0,34.13839,0.080496407,0.084038087,0.015290027,0.437208655
 34,"dry",1.013791e+01,0,0,26.31492,0.069143728,0.053097034,0.014540168,0.272336191
 34,"early_dry",1.637569e+01,3,0,32.18951,0.105828849,0.091293460,0.021680912,0.438120341
 34,"late_dry",4.853515e-01,3,0,29.04579,0.043122387,0.045841925,0.005900631,0.296084255
 34,"late_wet",4.675136e+01,3,1,38.81908,0.218135385,0.198182948,0.033674444,0.708430929
 34,"wet",7.878301e+01,4,1,37.50543,0.077387113,0.095512621,0.008500145,0.513937892
 35,"dry",1.513441e+00,3,0,24.09101,0.079142230,0.083452728,0.010958678,0.448704777
 35,"early_dry",3.536214e+00,4,1,31.07417,0.116503313,0.137127605,0.013701645,0.623722703
 35,"late_dry",9.041818e-02,1,0,29.79256,0.040916288,0.034211534,0.007687850,0.190828114
 35,"late_wet",4.511181e+01,2,1,37.07781,0.226928190,0.179585570,0.043444606,0.672758690
 35,"wet",1.216972e+02,2,0,33.66025,0.075687402,0.057715445,0.017604130,0.289500517
 36,"dry",9.278252e+00,3,1,25.39844,0.075861103,0.089278221,0.007797033,0.497824607
 36,"early_dry",5.915155e+00,4,0,31.79057,0.111240123,0.112265397,0.020761734,0.513029468
 36,"late_dry",1.658017e-01,0,0,30.29549,0.039671304,0.032061124,0.007878453,0.176893488
 36,"late_wet",4.226232e+01,1,0,37.67510,0.218250224,0.107667871,0.075498714,0.489592746
 36,"wet",2.679821e+01,2,0,35.56746,0.088862389,0.060411920,0.023952592,0.299994543
 37,"dry",4.945786e+00,0,0,26.20816,0.070277159,0.053908925,0.014792973,0.275834744
 37,"early_dry",2.097985e+01,2,0,32.62713,0.101920842,0.073924632,0.024258442,0.357219557
 37,"late_dry",4.222345e-01,0,1,29.55968,0.041505441,0.043548405,0.005798203,0.281881506
 37,"late_wet",4.623756e+01,4,0,38.36120,0.220042051,0.189802650,0.048405337,0.647583189
 37,"wet",7.042259e+01,3,0,33.02103,0.087871104,0.072581770,0.020458584,0.372910472
 38,"dry",1.027968e+01,3,1,24.64434,0.077617531,0.091340677,0.007962849,0.505054893
 38,"early_dry",1.683557e+01,1,1,32.44364,0.104113093,0.089799528,0.020086659,0.434765819
 38,"late_dry",5.192058e-01,4,0,31.89981,0.039828585,0.049440564,0.004670375,0.356230424
 38,"late_wet",4.483165e+01,4,1,38.17390,0.225431301,0.229485050,0.030815397,0.751479475
 38,"wet",1.116586e+02,5,1,34.93330,0.079258376,0.112364701,0.007427897,0.578298048
 39,"dry",7.019509e+00,2,1,24.93795,0.076401661,0.080925900,0.009352682,0.440836750
 39,"early_dry",1.820906e+01,3,1,33.44328,0.103327325,0.110969270,0.013092150,0.537573632
 39,"late_dry",1.692524e-01,5,0,29.39415,0.043907100,0.060963879,0.004930321,0.440712831
 39,"late_wet",3.373120e+01,5,1,38.18214,0.232983810,0.263765548,0.029805926,0.778702384
 39,"wet",1.112493e+02,3,0,32.97695,0.080334096,0.071752702,0.016371256,0.370440816
 40,"dry",4.122454e+00,2,1,24.68824,0.077574106,0.082096619,0.009499882,0.445365714
 40,"early_dry",9.974875e+00,1,0,30.65216,0.109784596,0.066489086,0.031720990,0.318530089
 40,"late_dry",6.256049e-04,1,1,31.79461,0.039063837,0.041653872,0.005133910,0.271883596
 40,"late_wet",2.793420e+01,3,1,39.30081,0.223531975,0.200343317,0.035231125,0.714325481
 40,"wet",1.076362e+01,3,1,33.28848,0.102370693,0.102458127,0.015513405,0.511396011
 41,"dry",9.965525e+00,4,0,24.43198,0.077756609,0.094079365,0.009676141,0.505743223
 41,"early_dry",1.358854e+01,4,1,29.99244,0.117939244,0.139359830,0.013673022,0.628958549
 41,"late_dry",5.208896e-01,0,0,30.84779,0.038913495,0.031514304,0.007709348,0.174240547
 41,"late_wet",5.404106e+01,1,0,37.41436,0.214663287,0.107827239,0.073124599,0.487406134
 41,"wet",1.238613e+02,0,0,33.90341,0.072607378,0.042858513,0.023129501,0.210686573
 42,"dry",2.092256e+00,4,0,25.21597,0.077205444,0.093213360,0.009675800,0.503085866
 42,"early_dry",1.779585e+01,2,0,30.49744,0.109781986,0.078900880,0.026352472,0.376789612
 42,"late_dry",7.788501e-02,1,0,31.27395,0.038955330,0.032756534,0.007270225,0.183706712
 42,"late_wet",4.721888e+01,2,0,36.42501,0.226241261,0.135216074,0.064598969,0.564498067
 42,"wet",6.617638e+01,3,0,35.42210,0.082181431,0.068783772,0.018827329,0.358379012
 43,"dry",1.031140e+01,2,0,25.21359,0.073630589,0.067842759,0.011898420,0.360677262
 43,"early_dry",1.963459e+01,0,0,28.43656,0.113979062,0.067651477,0.034144464,0.318141443
 43,"late_dry",2.591626e-02,3,0,29.46357,0.042563397,0.045257783,0.005827247,0.293186789
 43,"late_wet",4.348893e+01,2,1,37.78720,0.223243804,0.177067051,0.042696322,0.666802306
 43,"wet",5.417371e+01,0,0,36.16829,0.079344973,0.040218280,0.028605210,0.201437194
 44,"dry",4.148091e+00,3,1,25.08412,0.077583202,0.091011768,0.008015100,0.504011985
 44,"early_dry",9.306057e+00,5,0,29.33208,0.120887836,0.140664115,0.020800625,0.577487928
 44,"late_dry",3.136106e-01,2,1,31.16597,0.040409328,0.045645861,0.004576965,0.303273685
 44,"late_wet",2.861885e+01,1,1,36.77900,0.233770864,0.165364189,0.055135564,0.638060039
 44,"wet",5.754509e+01,2,0,33.31047,0.088509159,0.058992487,0.024474527,0.295527024
 45,"dry",9.434522e+00,1,1,24.45980,0.076188777,0.074873320,0.010957315,0.400489346
 45,"early_dry",3.253861e+00,1,0,32.73520,0.104481003,0.063359826,0.030192146,0.305510575
 45,"late_dry",1.686974e-01,4,1,29.98080,0.043269962,0.059332108,0.003555687,0.434967194
 45,"late_wet",4.160407e+01,3,0,37.65448,0.223747159,0.160517228,0.055416500,0.613633990
 45,"wet",1.898726e+01,4,0,36.84850,0.089549590,0.090580068,0.017768700,0.455686648
 46,"dry",1.177709e+01,0,1,24.42046,0.074884853,0.071891331,0.011588083,0.384988941
 46,"early_dry",1.424339e+01,2,0,29.57645,0.114012083,0.082388914,0.027072259,0.389810426
 46,"late_dry",2.771627e-01,1,1,31.50361,0.039411584,0.041930344,0.005204818,0.273170887
 46,"late_wet",3.292867e+01,5,0,37.26522,0.235412140,0.229955358,0.050172117,0.685444617
 46,"wet",2.716889e+01,4,1,36.05153,0.091315727,0.105684344,0.011959181,0.542375043
 47,"dry",1.979279e+00,2,1,24.69230,0.077957455,0.082432185,0.009556849,0.446699282
 47,"early_dry",1.670418e+01,3,0,29.61745,0.114719873,0.098640851,0.023326219,0.462898001
 47,"late_dry",4.175966e-01,3,0,30.30209,0.041345153,0.044092708,0.005637682,0.287464827
 47,"late_wet",5.210804e+01,1,0,39.31922,0.204495587,0.104456296,0.068690828,0.472953271
 47,"wet",5.610334e+01,0,0,36.31312,0.078615836,0.040054236,0.028212446,0.200520601
 48,"dry",1.055845e+01,0,0,25.36430,0.071262432,0.054739481,0.014965652,0.279383309
 48,"early_dry",3.152393e+00,3,0,28.77861,0.121567018,0.104523466,0.024395907,0.482635833
 48,"late_dry",3.618961e-02,0,1,32.40693,0.037765878,0.040289101,0.005095850,0.266327042
 48,"late_wet",2.527700e+01,3,0,37.32587,0.233269812,0.164798307,0.058529370,0.626892499
 48,"wet",4.854901e+01,2,0,33.21741,0.090716683,0.060235921,0.025181477,0.300768202
 49,"dry",9.979844e+00,5,0,24.78733,0.077943102,0.107243992,0.009070434,0.549620619
 49,"early_dry",7.568124e+00,1,0,29.65166,0.114018980,0.069981900,0.032421031,0.332023753
 49,"late_dry",3.648859e-01,1,0,32.39970,0.037546170,0.031955267,0.006898975,0.180034424
 49,"late_wet",3.212839e+01,3,0,36.79297,0.233430094,0.165279203,0.058362004,0.627795821
 49,"wet",5.727220e+01,3,0,34.28229,0.087004515,0.071165146,0.020654778,0.367705333
 50,"dry",5.350427e+00,5,0,26.49483,0.074574258,0.103437384,0.008618886,0.539792631
 50,"early_dry",1.401389e+01,0,1,32.16398,0.104361388,0.087575310,0.022013703,0.425343599
 50,"late_dry",4.980315e-01,4,0,31.51153,0.040326000,0.049853832,0.004771717,0.357939094
 50,"late_wet",2.892410e+01,3,0,38.11305,0.226702396,0.161473171,0.056587650,0.617059376
 50,"wet",4.406383e+01,1,0,35.87365,0.083198279,0.046192697,0.027281079,0.228743385
 51,"dry",4.711331e+00,4,0,24.15222,0.079466188,0.095856828,0.009900520,0.511492049
 51,"early_dry",1.685393e+01,5,0,32.75960,0.106786487,0.127734022,0.018158948,0.546871192
 51,"late_dry",1.458289e-01,4,1,29.77913,0.043569005,0.059694500,0.003588167,0.436601139
 51,"late_wet",3.484409e+01,0,1,36.48241,0.230274576,0.159256065,0.058846959,0.618188544
 51,"wet",7.449732e+01,3,1,35.11899,0.082978623,0.086215037,0.011991215,0.455077076
 52,"dry",3.349820e+00,4,0,25.29575,0.076773179,0.092773568,0.009615587,0.501662805
 52,"early_dry",2.022260e+01,3,1,30.95223,0.111221126,0.117429806,0.014691907,0.556388745
 52,"late_dry",1.309385e-01,3,1,29.64840,0.043147791,0.053190722,0.004136579,0.367880428
 52,"late_wet",4.691909e+01,0,1,39.26602,0.208079515,0.148806456,0.051316304,0.587591393
 52,"wet",2.646395e+01,4,0,34.24062,0.095155724,0.092503687,0.020400703,0.462052850
 53,"dry",7.395148e+00,5,1,26.32490,0.076012239,0.112245085,0.006160955,0.603070145
 53,"early_dry",1.116478e+01,4,1,30.38605,0.117078106,0.138189313,0.013652940,0.626128081
 53,"late_dry",8.370363e-02,3,0,31.01834,0.040418337,0.043300861,0.005466694,0.283659811
 53,"late_wet",5.492591e+01,0,0,37.75049,0.209849089,0.096313150,0.078730136,0.452286009
 53,"wet",1.215678e+02,4,0,33.68908,0.077907399,0.084775769,0.013494916,0.442090514
 54,"dry",1.093241e+01,3,0,24.37168,0.076657994,0.081105844,0.010599681,0.439868067
 54,"early_dry",1.304013e+01,5,0,29.65541,0.118648778,0.138450020,0.020481287,0.572055235
 54,"late_dry",3.760578e-02,0,1,29.81715,0.041177115,0.043206345,0.005751218,0.280196524
 54,"late_wet",4.657915e+01,0,1,36.57129,0.224421294,0.157203525,0.056593993,0.611014628
 54,"wet",1.317214e+01,0,1,32.76872,0.099779160,0.078226558,0.023707625,0.388433635
 55,"dry",6.954826e+00,3,1,25.63833,0.075670772,0.088987934,0.007789771,0.496838101
 55,"early_dry",1.651913e+01,3,0,28.95631,0.117260497,0.101347091,0.023509962,0.471650570
 55,"late_dry",2.926547e-01,0,0,30.78965,0.039011226,0.031584383,0.007731300,0.174580286
 55,"late_wet",4.022147e+01,0,0,38.10837,0.214112279,0.096167782,0.081648688,0.455013962
 55,"wet",5.215304e+01,3,1,33.66934,0.091536893,0.092002452,0.014268690,0.475015890
 56,"dry",7.590241e+00,1,0,24.61584,0.074584180,0.061028826,0.014184398,0.313013948
 56,"early_dry",1.899911e+01,2,0,30.39682,0.109835552,0.079062665,0.026309603,0.377321584
 56,"late_dry",2.571645e-01,5,0,31.72773,0.040676659,0.057527184,0.004409710,0.428452135
 56,"late_wet",3.815774e+01,2,0,39.32795,0.212852279,0.128568913,0.060386624,0.542395375
 56,"wet",1.222846e+02,4,1,36.96767,0.071611638,0.093478035,0.006499593,0.514160837
 57,"dry",8.464660e+00,3,0,24.38793,0.077066980,0.081435254,0.010675152,0.441113058
 57,"early_dry",2.006023e+01,0,0,31.33655,0.103575913,0.058170961,0.032794112,0.282516975
 57,"late_dry",2.595035e-01,0,0,29.45014,0.040813168,0.032996182,0.008098082,0.181504659
 57,"late_wet",5.363080e+01,1,0,38.26538,0.209839908,0.105785211,0.071307400,0.479563131
 57,"wet",8.461065e+01,1,0,36.57270,0.073836329,0.043816929,0.022544316,0.216925989
 58,"dry",6.956806e+00,1,1,26.19329,0.072314643,0.070854145,0.010472235,0.384713960
 58,"early_dry",2.557245e+00,5,1,29.50275,0.124379913,0.163608666,0.013272903,0.681606468
 58,"late_dry",4.663951e-01,1,0,30.32223,0.040156726,0.033595971,0.007541954,0.187773094
 58,"late_wet",2.862648e+01,4,0,37.42837,0.233702837,0.196038220,0.053038497,0.663906652
 58,"wet",1.522647e+01,4,0,36.24809,0.092033413,0.092222891,0.018517128,0.460768996
 59,"dry",6.734256e+00,1,1,26.60221,0.071390625,0.070042840,0.010314344,0.381533455
 59,"early_dry",1.172219e+01,3,0,30.67973,0.112142551,0.095757644,0.023190160,0.453561532
 59,"late_dry",1.926979e-02,5,0,30.57012,0.042244951,0.059091613,0.004691335,0.433876432
 59,"late_wet",2.726751e+01,1,0,37.10821,0.228536764,0.111660591,0.079459564,0.505749394
 59,"wet",5.664133e+01,5,0,33.25692,0.092563287,0.105958823,0.018865238,0.504980970
 60,"dry",1.254381e+00,4,1,25.10033,0.079142670,0.103606256,0.007163595,0.568507817
 60,"early_dry",8.594931e+00,1,0,29.50842,0.114279253,0.070345859,0.032393350,0.333293214
 60,"late_dry",1.069655e-01,3,1,32.03331,0.039862903,0.049800742,0.003677000,0.351643530
 60,"late_wet",5.182622e+01,2,0,38.82311,0.209862680,0.128006612,0.058914813,0.539460843
 60,"wet",5.853688e+01,0,0,33.10464,0.086587495,0.042943274,0.031800825,0.214803974
 61,"dry",1.604581e+00,4,0,25.93886,0.075507200,0.091465666,0.009436491,0.497575517
 61,"early_dry",1.875504e+01,2,1,30.97688,0.110041415,0.103375404,0.017603336,0.493041257
 61,"late_dry",2.697351e-01,1,1,32.24586,0.038469110,0.041196616,0.005010113,0.269778917
 61,"late_wet",3.780784e+01,3,0,36.50679,0.232614332,0.165435134,0.057791536,0.627602875
 61,"wet",6.830648e+01,5,0,37.39493,0.079253377,0.097387951,0.014037044,0.486077067
 62,"dry",1.139079e+01,1,1,24.29362,0.076271168,0.075094962,0.010933742,0.401326055
 62,"early_dry",1.795208e+01,1,0,30.21042,0.109322975,0.066817635,0.031306492,0.319233657
 62,"late_dry",1.240784e-01,3,1,32.08450,0.039795537,0.049739716,0.003665764,0.351365219
 62,"late_wet",2.627823e+01,0,1,36.67093,0.233025257,0.160148117,0.059886380,0.621721752
 62,"wet",6.135123e+01,4,0,34.67637,0.086286729,0.085410373,0.018330157,0.439950451
 63,"dry",9.614069e+00,1,0,25.12775,0.072962822,0.059587216,0.013926992,0.306869724
 63,"early_dry",3.808223e+00,2,0,31.73967,0.109024266,0.077739457,0.026442292,0.372822508
 63,"late_dry",3.021037e-01,0,0,31.31775,0.038339038,0.031149564,0.007565838,0.172512705
 63,"late_wet",4.453657e+01,5,0,39.02907,0.219464922,0.222058362,0.044795999,0.668061114
 63,"wet",8.197787e+01,4,1,34.81712,0.083556317,0.099873990,0.010233979,0.525825611
 64,"dry",3.306995e+00,2,1,24.81160,0.077401416,0.081865902,0.009490262,0.444506276
 64,"early_dry",1.602789e+01,1,1,30.31790,0.111656034,0.095862365,0.021641609,0.455069194
 64,"late_dry",2.531854e-01,0,0,32.33612,0.037106619,0.030483762,0.007224234,0.169500776
 64,"late_wet",3.914058e+01,2,1,37.05720,0.229733319,0.180573397,0.044411649,0.675874387
 64,"wet",2.457588e+01,1,0,33.30934,0.094735140,0.052900659,0.030847742,0.257817507
 65,"dry",8.292903e+00,0,0,26.37024,0.069333314,0.053228903,0.014584510,0.272905925
 65,"early_dry",6.228893e+00,0,0,30.21838,0.110884416,0.062651950,0.034826575,0.301051345
 65,"late_dry",2.989102e-01,4,1,30.73568,0.042176334,0.058060608,0.003424636,0.429276928
 65,"late_wet",4.364592e+01,1,0,37.24206,0.220253239,0.108817990,0.076048590,0.493506090
 65,"wet",1.157913e+02,0,0,35.42747,0.070305500,0.040833262,0.022525849,0.202040540
 66,"dry",8.331810e+00,4,0,25.31397,0.075821877,0.091870078,0.009465971,0.498719428
 66,"early_dry",2.938487e+00,0,1,31.13900,0.110619819,0.091910560,0.023571815,0.440560725
 66,"late_dry",7.567997e-02,0,0,30.95736,0.038817443,0.031457865,0.007683935,0.173977204
 66,"late_wet",3.317186e+01,1,0,38.65122,0.216495971,0.106777188,0.074924735,0.486402218
 66,"wet",7.558562e+01,5,0,33.84175,0.086967293,0.102121299,0.016979624,0.495976286
 67,"dry",5.462317e+00,3,0,26.35704,0.072780743,0.077180566,0.010083409,0.425333370
 67,"early_dry",2.060414e+01,4,0,32.20633,0.106206292,0.108853863,0.019405791,0.503209909
 67,"late_dry",7.649710e-02,3,0,30.07106,0.041699237,0.044418630,0.005696258,0.289056952
 67,"late_wet",2.974639e+01,0,0,36.67282,0.227589665,0.102011885,0.086643035,0.477697726
 67,"wet",7.307203e+01,5,0,33.63641,0.088043780,0.102867738,0.017342126,0.497684726
 68,"dry",1.009158e+01,0,0,26.36374,0.069042039,0.053026002,0.014517103,0.272031660
 68,"early_dry",4.625870e+00,1,1,29.52450,0.117578310,0.100758736,0.022681414,0.471719498
 68,"late_dry",2.164486e-01,5,1,30.11163,0.043703432,0.066780219,0.003219369,0.501567316
 68,"late_wet",2.844762e+01,3,0,36.08452,0.239722064,0.169360767,0.059612326,0.638812309
 68,"wet",2.182620e+01,0,0,35.96387,0.086647603,0.045330114,0.030549301,0.221921746
 69,"dry",7.146960e+00,5,1,26.31168,0.076088319,0.112329071,0.006170768,0.603285218
 69,"early_dry",1.468085e+01,0,1,30.51433,0.109884486,0.092041106,0.023181548,0.440225528
 69,"late_dry",3.585804e-01,0,0,28.90389,0.041577361,0.033702711,0.008219261,0.185028695
 69,"late_wet",4.031933e+01,0,1,37.38714,0.222111477,0.154537015,0.056684536,0.605096307
 69,"wet",9.845992e+01,2,0,33.90270,0.078986766,0.056574800,0.019903048,0.284233998
 70,"dry",1.089997e+01,3,1,25.28891,0.075851149,0.089335045,0.007783238,0.498005861
 70,"early_dry",4.961452e+00,5,0,29.75477,0.120437039,0.139762200,0.020931669,0.575305728
 70,"late_dry",3.430496e-01,5,0,30.68538,0.042052859,0.058887112,0.004660592,0.433139960
 70,"late_wet",4.153687e+01,1,0,37.64361,0.218761278,0.107819424,0.075728563,0.490291690
 70,"wet",6.476833e+01,2,0,36.56548,0.078494886,0.054777498,0.020464836,0.276405428
 71,"dry",7.216785e+00,4,0,26.19666,0.073884272,0.089904654,0.009180568,0.492572633
 71,"early_dry",1.812019e+00,2,0,31.63631,0.109889621,0.078305876,0.026656781,0.375069850
 71,"late_dry",4.808928e-01,0,0,32.04415,0.037431804,0.030636373,0.007320877,0.170156921
 71,"late_wet",2.924400e+01,2,1,37.43818,0.231837186,0.180931302,0.045261493,0.677857714
 71,"wet",1.008284e+02,4,0,32.94904,0.083440999,0.086697311,0.015886746,0.445343344
 72,"dry",1.113213e+01,5,1,25.83530,0.076568394,0.113003937,0.006212722,0.604993855
 72,"early_dry",1.209997e+01,2,0,29.33197,0.115485184,0.083616803,0.027310868,0.394368845
 72,"late_dry",4.268844e-01,4,0,28.85325,0.044041769,0.053610468,0.005347765,0.374447644
 72,"late_wet",3.012278e+01,1,0,37.17341,0.226806353,0.110863083,0.078885636,0.502757885
 72,"wet",1.341680e+01,0,0,36.62420,0.086803899,0.047292377,0.029570178,0.228379817
 73,"dry",7.595821e+00,5,0,26.06888,0.075190374,0.104077916,0.008720546,0.541337075
 73,"early_dry",3.170854e+00,3,0,32.84322,0.106950244,0.092144760,0.021896914,0.441110129
 73,"late_dry",3.548423e-01,2,0,29.09589,0.042457653,0.039515917,0.006812620,0.232809207
 73,"late_wet",4.799291e+01,2,0,38.92772,0.210895788,0.128071065,0.059501954,0.540174992
 73,"wet",1.053271e+02,4,0,34.63244,0.078223172,0.083029721,0.014353097,0.434802037
 74,"dry",5.775447e+00,4,0,24.02180,0.079612137,0.096082680,0.009900231,0.512201620
 74,"early_dry",7.208623e+00,5,0,32.23852,0.110895693,0.130795357,0.019267960,0.553809392
 74,"late_dry",4.239370e-01,3,0,29.43594,0.042560859,0.045257679,0.005826482,0.293185954
 74,"late_wet",4.091414e+01,3,0,37.54961,0.224696178,0.160945809,0.055734221,0.614941081
 74,"wet",3.994899e+01,2,0,36.29034,0.084101795,0.057523636,0.022535380,0.287952560
 75,"dry",1.161540e+01,3,0,25.39129,0.073993625,0.078368730,0.010261422,0.429674222
 75,"early_dry",1.002943e+01,1,1,31.83419,0.107794194,0.092129103,0.021076530,0.443005072
 75,"late_dry",6.723382e-02,5,1,31.67253,0.041528687,0.064158569,0.002946607,0.491712413
 75,"late_wet",5.098035e+01,4,0,37.81311,0.221242446,0.190817310,0.048553378,0.649920842
 75,"wet",4.154556e+01,2,0,35.81839,0.084987444,0.057549468,0.023064799,0.288492178
 76,"dry",8.945321e+00,3,1,24.65504,0.077830005,0.091519846,0.007996396,0.505702059
 76,"early_dry",1.345388e+01,3,0,31.57456,0.108595947,0.093055877,0.022435257,0.444295815
 76,"late_dry",1.316587e-01,3,1,31.54283,0.040499977,0.050392871,0.003780506,0.354377954
 76,"late_wet",4.532452e+01,4,0,39.25388,0.215222255,0.187983847,0.046475169,0.642824255
 76,"wet",8.434864e+01,4,0,34.71875,0.081721131,0.083527340,0.016289863,0.434724945
 77,"dry",5.662690e+00,1,0,25.11577,0.073696386,0.060131917,0.014078152,0.309210216
 77,"early_dry",1.795740e+01,4,0,30.30511,0.113403646,0.114699231,0.020935977,0.519798871
 77,"late_dry",1.740622e-01,4,1,32.41622,0.039946805,0.055733546,0.003099357,0.419243277
 77,"late_wet",2.539351e+01,2,1,38.61988,0.226252211,0.177779742,0.043738345,0.670137931
 77,"wet",1.205628e+02,2,1,35.64052,0.072764293,0.072702022,0.010541823,0.384102594
 78,"dry",1.278841e+00,0,0,25.78784,0.071898286,0.055142330,0.015125628,0.281144070
 78,"early_dry",5.545952e+00,2,1,31.11910,0.112844249,0.105008067,0.018316326,0.498954988
 78,"late_dry",2.138164e-01,3,0,30.55128,0.041027319,0.043812239,0.005581445,0.286107497
 78,"late_wet",4.591728e+01,5,0,36.72474,0.232863272,0.229648044,0.048732897,0.684408301
 78,"wet",8.781241e+00,5,0,32.47735,0.106518610,0.120760583,0.020458971,0.544599173
 79,"dry",7.365748e+00,2,1,25.03494,0.076091369,0.080602484,0.009315991,0.439594139
 79,"early_dry",1.082969e+01,0,0,32.90023,0.100776503,0.056705171,0.031859996,0.276254695
 79,"late_dry",3.335680e-01,1,0,29.10448,0.041861065,0.035061113,0.007843380,0.195089673
 79,"late_wet",5.190746e+01,0,0,37.05944,0.215247091,0.098315033,0.080995557,0.460525643
 79,"wet",4.971339e+01,5,1,33.57154,0.094864166,0.123254398,0.011965270,0.599005880
 80,"dry",6.514704e+00,2,0,24.34063,0.076496189,0.070536679,0.012309540,0.371751244
 80,"early_dry",1.059814e+01,3,1,31.38724,0.112061553,0.117560826,0.015004876,0.557078662
 80,"late_dry",4.245213e-01,2,0,31.22414,0.039540783,0.037036266,0.006290078,0.220444928
 80,"late_wet",4.406608e+01,3,1,39.27900,0.216579259,0.197343163,0.033209007,0.706705614
 80,"wet",5.772216e+01,4,0,36.03284,0.083443302,0.083986369,0.017180434,0.435474842
 81,"dry",1.082828e+01,2,0,24.72284,0.074746348,0.068938734,0.012046244,0.365181055
 81,"early_dry",1.646017e+01,0,1,32.71990,0.101972276,0.086142912,0.021291152,0.420339177
 81,"late_dry",1.358706e-01,1,0,31.62921,0.038503758,0.032478508,0.007157108,0.182398453
 81,"late_wet",2.823762e+01,2,0,37.98442,0.225228970,0.132624841,0.065513911,0.558712183
 81,"wet",6.233432e+01,4,0,33.56105,0.089203478,0.087563419,0.019134711,0.446713983
 82,"dry",1.009766e+01,1,1,25.94734,0.072361882,0.070976078,0.010464536,0.385141791
 82,"early_dry",1.607034e+01,1,0,29.99629,0.110559990,0.067689231,0.031585630,0.322712263
 82,"late_dry",4.302202e-01,5,1,29.33592,0.044843963,0.068286600,0.003332631,0.507392064
 82,"late_wet",5.279314e+01,2,0,38.57376,0.210883936,0.128378936,0.059327692,0.540868312
 82,"wet",9.248129e+01,0,0,36.58333,0.071459785,0.039401819,0.023814392,0.195973768
 83,"dry",1.055551e+01,1,1,25.22491,0.074046035,0.072638471,0.010699318,0.391689641
 83,"early_dry",1.846083e+01,4,0,32.04082,0.107268495,0.109537498,0.019713727,0.505137341
 83,"late_dry",8.125776e-03,3,0,30.29340,0.041399506,0.044143837,0.005646178,0.287716877
 83,"late_wet",4.537906e+01,5,1,37.27358,0.233446406,0.265076420,0.029519421,0.780475886
 83,"wet",1.172050e+02,5,1,34.02844,0.080701565,0.114443993,0.007489662,0.584101578
 84,"dry",5.158645e+00,2,0,26.29394,0.071974123,0.066344792,0.011636871,0.354545563
 84,"early_dry",1.959677e+01,5,0,29.75132,0.116576158,0.136818434,0.019993635,0.568134891
 84,"late_dry",3.435604e-01,4,0,29.66020,0.042864000,0.052291630,0.005200992,0.368541104
 84,"late_wet",2.948382e+01,0,0,38.60180,0.215984614,0.096864411,0.082427071,0.457924183
 84,"wet",8.243507e+01,4,0,35.94638,0.078981185,0.081955121,0.015278548,0.430028820
 85,"dry",1.077584e+01,4,0,24.31676,0.077906673,0.094294938,0.009680343,0.506428506
 85,"early_dry",2.095303e+01,4,1,31.45228,0.110756842,0.132434136,0.012601401,0.611657702
 85,"late_dry",4.261528e-01,3,0,29.04387,0.043131575,0.045851002,0.005901932,0.296129278
 85,"late_wet",4.749069e+01,5,1,37.82622,0.229043002,0.262209056,0.028549317,0.775771171
 85,"wet",1.151066e+02,5,1,37.18271,0.073309595,0.107361204,0.006055207,0.569057833
 86,"dry",2.754854e+00,1,0,25.27467,0.073833297,0.060194715,0.014118494,0.309496137
 86,"early_dry",1.270141e+01,0,0,30.86836,0.106954496,0.059977115,0.033878047,0.290249203
 86,"late_dry",2.422187e-01,1,0,30.29084,0.040221737,0.033647805,0.007554688,0.188030397
 86,"late_wet",5.344292e+01,1,0,39.08688,0.205237411,0.104628596,0.069063080,0.473848285
 86,"wet",9.790177e+01,0,0,33.05940,0.079090642,0.042658734,0.027063996,0.210660717
 87,"dry",4.203110e+00,0,0,26.86160,0.068937476,0.053020494,0.014474554,0.272030837
 87,"early_dry",1.212094e+01,2,1,29.75139,0.116207666,0.108831805,0.018585672,0.510656198
 87,"late_dry",1.067940e-01,4,0,29.06959,0.043752843,0.053272440,0.005315548,0.372929644
 87,"late_wet",3.769714e+01,1,0,36.64574,0.226616094,0.111612221,0.078294296,0.504084099
 87,"wet",2.432413e+01,4,0,33.11959,0.099118003,0.095914027,0.021153984,0.472952053
 88,"dry",8.475427e+00,0,1,26.59645,0.070165513,0.067190190,0.010923315,0.366518019
 88,"early_dry",4.903582e+00,4,1,31.29861,0.115326558,0.136009070,0.013523463,0.620874318
 88,"late_dry",9.853314e-03,3,0,29.66352,0.042279059,0.044974131,0.005786269,0.291785944
 88,"late_wet",3.398379e+01,5,1,36.97043,0.240584553,0.269196985,0.031256117,0.787608299
 88,"wet",2.615285e+01,2,0,35.89833,0.088109791,0.060282156,0.023561168,0.299160011
 89,"dry",1.192396e+01,4,1,26.57746,0.073559360,0.097570601,0.006482111,0.550025014
 89,"early_dry",1.123705e+01,4,0,33.09912,0.105581069,0.108472020,0.019190689,0.502231477
 89,"late_dry",1.486447e-01,2,0,29.03158,0.042573346,0.039629002,0.006828934,0.233384761
 89,"late_wet",3.282820e+01,0,0,36.34312,0.228237638,0.102852809,0.086504320,0.479880533
 89,"wet",3.067310e+01,3,0,34.64012,0.091773303,0.074856251,0.021707311,0.381160959
 90,"dry",7.543411e+00,2,0,24.52503,0.075837244,0.069898512,0.012221425,0.369132502
 90,"early_dry",6.609672e+00,3,1,33.04068,0.107389968,0.113733617,0.014040262,0.545945325
 90,"late_dry",4.805181e-01,3,0,31.30334,0.040006845,0.042967070,0.005386202,0.282077323
 90,"late_wet",3.172544e+01,1,1,36.73013,0.232645670,0.164932226,0.054761732,0.636538671
 90,"wet",5.940157e+01,4,1,36.68664,0.082940600,0.098824106,0.010192899,0.522171696
 91,"dry",6.920150e+00,4,0,24.39706,0.078409051,0.094702958,0.009776810,0.507765801
 91,"early_dry",2.216498e+00,0,1,29.79857,0.115733778,0.096683748,0.024308895,0.456220051
 91,"late_dry",4.901907e-01,4,0,29.92867,0.042465775,0.051872856,0.005143812,0.366680144
 91,"late_wet",4.206862e+01,5,0,39.29828,0.218974138,0.221897808,0.044567914,0.667747350
 91,"wet",1.830947e+01,0,1,37.37833,0.085134557,0.069016735,0.019329807,0.352731672
 92,"dry",1.749683e+00,0,0,25.90420,0.071541336,0.054864131,0.015054936,0.279948212
 92,"early_dry",1.442928e+01,3,0,30.04296,0.113741306,0.097424458,0.023328843,0.459013947
 92,"late_dry",2.848291e-01,3,1,29.20166,0.043799051,0.053964146,0.004204701,0.371690533
 92,"late_wet",4.783192e+01,4,0,37.01761,0.227492599,0.194028426,0.050476165,0.657951530
 92,"wet",3.452947e+01,0,0,32.83079,0.092682222,0.046764489,0.033600963,0.230672726
 93,"dry",1.183133e+01,0,0,25.01105,0.071882365,0.055320694,0.015055468,0.281868628
 93,"early_dry",1.247449e+01,2,1,33.47334,0.103187795,0.098084655,0.016084956,0.476013794
 93,"late_dry",1.151968e-01,1,0,29.09533,0.041897398,0.035093373,0.007849407,0.195252182
 93,"late_wet",4.520529e+01,2,0,38.45704,0.214822418,0.129074094,0.061319517,0.544660411
 93,"wet",7.590696e+01,5,0,34.79577,0.084309440,0.100056843,0.016186881,0.491106091
 94,"dry",2.409632e+00,0,0,25.91475,0.071399656,0.054752860,0.015027019,0.279467804
 94,"early_dry",4.275625e+00,4,1,31.58477,0.114455182,0.135148000,0.013390551,0.618736099
 94,"late_dry",2.569496e-01,5,0,32.07883,0.040228695,0.057117153,0.004319588,0.427106882
 94,"late_wet",4.149133e+01,2,0,38.65705,0.215273720,0.129078491,0.061584517,0.544940589
 94,"wet",5.548009e+01,4,1,36.01625,0.085447080,0.100465036,0.010945449,0.526753262
 95,"dry",2.055833e+00,4,0,24.94428,0.077901817,0.093969003,0.009761343,0.505494258
 95,"early_dry",7.223184e+00,0,1,33.22373,0.102545293,0.086507584,0.021392825,0.421893265
 95,"late_dry",4.206031e-01,2,1,31.61317,0.039808436,0.045109238,0.004474231,0.300711730
 95,"late_wet",4.948592e+01,2,1,36.37815,0.229412060,0.182216060,0.043480661,0.678308351
 95,"wet",7.511315e+01,1,1,32.91383,0.086700553,0.070758173,0.018961918,0.360066921
 96,"dry",1.085148e+01,4,1,24.56149,0.078806472,0.103623111,0.007055424,0.568418151
 96,"early_dry",1.336670e+01,1,1,30.79214,0.110610443,0.094632738,0.021576858,0.451202842
 96,"late_dry",2.140061e-01,1,0,31.84328,0.038231933,0.032320193,0.007086480,0.181666196
 96,"late_wet",4.790786e+01,4,1,36.82764,0.232478389,0.234654241,0.032055889,0.760833858
 96,"wet",1.064886e+02,4,1,37.48688,0.072854457,0.093475180,0.007020290,0.511504180
 97,"dry",6.717914e+00,5,1,26.27692,0.076249370,0.112509069,0.006191255,0.603745907
 97,"early_dry",4.787156e+00,5,1,30.48379,0.119942873,0.158445103,0.012876502,0.670453279
 97,"late_dry",5.444857e-02,4,0,32.45410,0.039186336,0.048951695,0.004528293,0.354300179
 97,"late_wet",2.560557e+01,3,0,36.93133,0.235611957,0.166220893,0.059070465,0.630821450
 97,"wet",8.421707e+01,5,1,33.75252,0.087293591,0.117732461,0.009858753,0.587035872
 98,"dry",4.821194e+00,3,0,24.29002,0.077995184,0.082299806,0.010813189,0.444370854
 98,"early_dry",3.376580e+00,0,0,31.78742,0.106191783,0.059285184,0.033769385,0.287674989
 98,"late_dry",1.472967e-01,4,1,29.21228,0.044421283,0.060762797,0.003672631,0.441435391
 98,"late_wet",3.649377e+01,2,0,36.36355,0.231517124,0.136790448,0.066809122,0.571133838
 98,"wet",5.445026e+01,1,0,32.72505,0.089707064,0.049256913,0.029690698,0.243016233
 99,"dry",1.100211e+01,1,0,25.36666,0.072144973,0.058910300,0.013780063,0.303976861
 99,"early_dry",1.019728e+01,5,0,29.16937,0.121279475,0.141225775,0.020780715,0.578864889
 99,"late_dry",1.897698e-01,5,0,29.19546,0.044199747,0.061316969,0.004965667,0.442029455
 99,"late_wet",2.653531e+01,0,0,36.42001,0.230688961,0.103755766,0.087484274,0.483719438
 99,"wet",9.223035e+01,3,0,35.93923,0.076143757,0.067141462,0.015896959,0.352526433
100,"dry",1.429885e+00,1,0,25.49569,0.073536924,0.059924164,0.014073680,0.308350933
100,"early_dry",8.702006e+00,2,0,31.34136,0.109139339,0.077862003,0.026459702,0.373236780
100,"late_dry",1.361035e-01,3,1,31.77769,0.040191056,0.050101671,0.003731176,0.353023872
100,"late_wet",4.907672e+01,1,1,39.34564,0.209119041,0.154391750,0.046905001,0.605341494
100,"wet",2.087558e+01,2,0,36.44702,0.087827870,0.061126700,0.022959936,0.301864649
